{
    "task": "PhaseFlipQMLNoiseless_QMLStateBasicGates",
    "pool": {
        "0": {
            "Hadamard": [
                0
            ]
        },
        "1": {
            "PlaceHolder": [
                0
            ]
        },
        "2": {
            "Hadamard": [
                1
            ]
        },
        "3": {
            "PlaceHolder": [
                1
            ]
        },
        "4": {
            "Hadamard": [
                2
            ]
        },
        "5": {
            "PlaceHolder": [
                2
            ]
        },
        "6": {
            "CNOT": [
                0,
                1
            ]
        },
        "7": {
            "CNOT": [
                1,
                2
            ]
        },
        "8": {
            "CNOT": [
                1,
                0
            ]
        },
        "9": {
            "CNOT": [
                2,
                1
            ]
        }
    },
    "params": [
        [
            [
                2.164934937442029,
                -0.9906517509163337,
                0.45125434476048076
            ],
            [
                0.6652501219357453,
                -1.17361519269292,
                -0.6020376522789523
            ],
            [
                0.254736080372758,
                0.17886151445775414,
                1.5815496955784885
            ],
            [
                0.06213479346854313,
                -1.4704068242310135,
                -0.07727840944281326
            ],
            [
                1.5551348523175,
                -1.971609284403549,
                0.3036987215075734
            ],
            [
                -2.4472775270326013,
                1.189309207451101,
                0.39974094110645036
            ],
            [
                -0.6906420475266843,
                -0.9215452309989707,
                -2.0373609568074653
            ],
            [
                -0.9199170120267173,
                -0.26344517092326997,
                -0.456785966518136
            ],
            [
                0.598938954355075,
                -0.544879765066752,
                -0.059085474678281596
            ],
            [
                0.7811638733502891,
                0.10385269418544585,
                -0.35779659918575385
            ]
        ],
        [
            [
                -0.5628110332551319,
                0.8087760002488753,
                -1.3333779154735135
            ],
            [
                0.10450509428472411,
                0.33556691856050286,
                -2.2656037940826117
            ],
            [
                1.1928650176489797,
                0.3517264593311997,
                0.11352903734074035
            ],
            [
                -0.3870018170220151,
                1.5939822325298958,
                0.18428245460918682
            ],
            [
                1.651185651019367,
                -2.3306923404653497,
                0.3737736139875006
            ],
            [
                -1.4767298960422641,
                0.6388493298848407,
                -1.0224132126915553
            ],
            [
                -0.3344101260120074,
                -1.4054540375701523,
                -2.2236873070652616
            ],
            [
                1.132938745695591,
                -1.5459061177081446,
                0.35859516674711794
            ],
            [
                -0.4143126791168867,
                -1.1643439942561984,
                0.18026520844672228
            ],
            [
                -0.3011849560982703,
                -0.8830435882510747,
                -0.5351904860336427
            ]
        ],
        [
            [
                0.6882057432513402,
                1.0292306676212686,
                -0.6327066815205898
            ],
            [
                -0.5001426446391103,
                -0.38448694994370924,
                -0.6077371292109541
            ],
            [
                0.4179905852543971,
                -0.46382972120625604,
                -0.41166734524864057
            ],
            [
                -1.57732394574813,
                1.2729630824609035,
                0.23067917336839797
            ],
            [
                0.4049582898149848,
                -0.40037774083848504,
                1.3253803128941317
            ],
            [
                -0.8819069300017196,
                0.37202498050221033,
                0.2695333021782922
            ],
            [
                0.40560120634891494,
                -0.06618284457111148,
                -1.6555052953460192
            ],
            [
                -1.7403363395782756,
                0.9335909207258407,
                1.0176946309076484
            ],
            [
                -0.4487031285968294,
                -0.11087757639588798,
                -0.9617566106747869
            ],
            [
                -1.933069829479769,
                -0.12029948127746994,
                -0.061955157293475824
            ]
        ]
    ],
    "k": [
        0,
        6,
        7
    ],
    "op_list": [
        [
            "Hadamard",
            [
                0
            ],
            null
        ],
        [
            "CNOT",
            [
                0,
                1
            ],
            null
        ],
        [
            "CNOT",
            [
                1,
                2
            ],
            null
        ]
    ],
    "search_reward_list": [
        [
            0,
            [
                0,
                6,
                7
            ],
            0.9999999999999991,
            0.9999999999999991
        ],
        [
            1,
            [
                0,
                6,
                7
            ],
            0.9999999999999991,
            0.9999999999999991
        ],
        [
            2,
            [
                0,
                6,
                7
            ],
            0.9999999999999991,
            0.9999999999999991
        ],
        [
            3,
            [
                0,
                6,
                7
            ],
            0.9999999999999991,
            0.9999999999999991
        ],
        [
            4,
            [
                0,
                6,
                7
            ],
            0.9999999999999991,
            0.9999999999999991
        ]
    ],