{
    "task": "PhaseFlipQMLNoiseless_QMLStateBasicGates",
    "pool": {
        "0": {
            "SX": [
                0
            ]
        },
        "1": {
            "RZ": [
                0
            ]
        },
        "2": {
            "PlaceHolder": [
                0
            ]
        },
        "3": {
            "SX": [
                1
            ]
        },
        "4": {
            "RZ": [
                1
            ]
        },
        "5": {
            "PlaceHolder": [
                1
            ]
        },
        "6": {
            "SX": [
                2
            ]
        },
        "7": {
            "RZ": [
                2
            ]
        },
        "8": {
            "PlaceHolder": [
                2
            ]
        },
        "9": {
            "CNOT": [
                0,
                1
            ]
        },
        "10": {
            "CNOT": [
                1,
                2
            ]
        },
        "11": {
            "CNOT": [
                1,
                0
            ]
        },
        "12": {
            "CNOT": [
                2,
                1
            ]
        }
    },
    "params": [
        [
            [
                0.29968042770958186,
                -0.5736269901033879,
                1.7111791261685734
            ],
            [
                1.363977341817718,
                0.15160850572701423,
                -0.23940924629585086
            ],
            [
                1.0575296703519144,
                0.2436709820011171,
                -0.12334729508454084
            ],
            [
                0.19218449058295023,
                0.7147684673940387,
                -0.7321652597977003
            ],
            [
                -2.477539380512546,
                -0.5932502771961818,
                1.5753177004784231
            ],
            [
                -0.12015934928961225,
                -0.46501875832236117,
                -0.6604977223874571
            ],
            [
                1.3893787080982236,
                0.513762075043128,
                -0.9535632862959088
            ],
            [
                -0.3527691100642262,
                -0.7638987143163086,
                -0.3693144012206223
            ],
            [
                -0.8366014605470096,
                0.6141534183519847,
                -0.6838004841470607
            ],
            [
                -0.3477398613979557,
                1.4021010387072281,
                0.5159636292133029
            ],
            [
                -2.1220677234019827,
                -0.29193851318832015,
                -0.7676983785292585
            ],
            [
                -1.4846971909234679,
                -0.6655133811697869,
                0.7648500960934843
            ],
            [
                -0.38691271835621144,
                1.661651704150811,
                -0.34668609919097154
            ]
        ],
        [
            [
                1.0603876972067716,
                -1.5553503936907285,
                -0.7438164113892017
            ],
            [
                1.5179270108387164,
                0.8944278348018929,
                -1.3003189717050634
            ],
            [
                -2.5323965166049063,
                -0.9414456890217551,
                1.1232301629297743
            ],
            [
                -0.060694080834051145,
                0.5567753727860628,
                0.5953318329662016
            ],
            [
                -0.4775642609743744,
                -1.7205765661667456,
                -1.8649038211632292
            ],
            [
                -1.3168006550566531,
                -0.6642337522510404,
                0.42761320584490237
            ],
            [
                -0.23884145697779965,
                -0.5616121040590022,
                -0.853458347184055
            ],
            [
                -1.4830982003776219,
                -0.9806933638183767,
                2.739764140326431
            ],
            [
                -1.4094445292026465,
                -0.11796818836002411,
                -0.13269278202232007
            ],
            [
                0.6921905062211556,
                0.8574969297413872,
                -1.1233597611952622
            ],
            [
                -1.3624832736100454,
                -0.05628236387917709,
                0.30830666234735393
            ],
            [
                1.4689740177169655,
                -0.42990434046589593,
                -0.03827256337236179
            ],
            [
                -0.38751277914547,
                -0.397438244917092,
                -0.49033998887490926
            ]
        ],
        [
            [
                -0.12628961187918628,
                -0.02807871771222254,
                0.5589551264701484
            ],
            [
                -0.32728284480737746,
                -1.1874065405785967,
                -2.1111073777239215
            ],
            [
                -0.4627709864242644,
                -0.9894295319235032,
                0.8289941557801109
            ],
            [
                -1.3808015671913774,
                1.479657642851089,
                0.1792178990644758
            ],
            [
                0.047031377180934794,
                -0.04457644615849616,
                -0.12521431312559195
            ],
            [
                0.25344669254444735,
                -0.646654968048452,
                -0.151651409787934
            ],
            [
                -2.149582657768842,
                1.5989987099583685,
                -0.04060684702725271
            ],
            [
                -1.6692507794694034,
                -0.6581951699583383,
                0.08379196719018697
            ],
            [
                0.3532217737615025,
                -0.8278457547713535,
                -0.1006828278713159
            ],
            [
                -0.567486064032755,
                -0.01743547809392999,
                0.27862308934883284
            ],
            [
                -1.0783602956145004,
                -0.4340422031472072,
                0.828306219565783
            ],
            [
                0.04069278323630641,
                0.03737760717859057,
                1.9311656478328265
            ],
            [
                -1.1583469245777887,
                2.8453294095169284,
                -0.22081203173466435
            ]
        ],
        [
            [
                -0.37182809110241044,
                -1.4783335218266498,
                1.1348725645570186
            ],
            [
                -2.390690560656755,
                0.050011528723323234,
                -0.8596278982374146
            ],
            [
                -1.528838827571983,
                -1.810507149080641,
                -1.1883479368128933
            ],
            [
                0.8804752912482517,
                -0.19409757527437277,
                0.16074529882694336
            ],
            [
                -0.8166593617282008,
                1.2341215741684421,
                -0.6010958111811314
            ],
            [
                0.5226221204894516,
                0.585468576465786,
                0.8117873539440182
            ],
            [
                0.020221802140577932,
                1.444378921550332,
                -1.6778845769826098
            ],
            [
                -0.7669215921067171,
                0.641312042239787,
                0.12139287347497528
            ],
            [
                0.14469200560609907,
                1.6922940147239618,
                -1.103363116257736
            ],
            [
                0.4183703166597618,
