{
    "task": "ToffoliQMLSwapTestNoiseless",
    "pool": {
        "0": {
            "PlaceHolder": [
                0
            ]
        },
        "1": {
            "PlaceHolder": [
                1
            ]
        },
        "2": {
            "PlaceHolder": [
                2
            ]
        },
        "3": {
            "CNOT": [
                0,
                1
            ]
        },
        "4": {
            "CRot": [
                0,
                1
            ]
        },
        "5": {
            "CNOT": [
                1,
                2
            ]
        },
        "6": {
            "CRot": [
                1,
                2
            ]
        },
        "7": {
            "CNOT": [
                0,
                2
            ]
        },
        "8": {
            "CRot": [
                0,
                2
            ]
        }
    },
    "params": [
        [
            [
                2.164934937442029,
                -0.9906517509163337,
                0.45125434476048076
            ],
            [
                0.6652501219357453,
                -1.17361519269292,
                -0.6020376522789523
            ],
            [
                0.254736080372758,
                0.17886151445775414,
                1.5815496955784885
            ],
            [
                0.06213479346854313,
                -1.4704068242310135,
                -0.07727840944281326
            ],
            [
                1.5551348515091943,
                -2.8651215869951097,
                0.3610727720301813
            ],
            [
                -2.4472775270326013,
                1.189309207451101,
                0.39974094110645036
            ],
            [
                -0.6906420479849731,
                -1.1379336546760066,
                -1.4309448277994898
            ],
            [
                -0.9199170120267173,
                -0.26344517092326997,
                -0.456785966518136
            ],
            [
                0.5989389551343641,
                -1.2288797156243185,
                1.317449703785144
            ]
        ],
        [
            [
                0.7811638733502891,
                0.10385269418544585,
                -0.35779659918575385
            ],
            [
                -0.5628110332551319,
                0.8087760002488753,
                -1.3333779154735135
            ],
            [
                0.10450509428472411,
                0.33556691856050286,
                -2.2656037940826117
            ],
            [
                1.1928650176489797,
                0.3517264593311997,
                0.11352903734074035
            ],
            [
                -0.3870018170213583,
                -0.010143912786317488,
                0.040470081859080055
            ],
            [
                1.651185651019367,
                -2.3306923404653497,
                0.3737736139875006
            ],
            [
                -1.0042362325558214,
                -0.4798036336652291,
                -2.0900410074026086
            ],
            [
                -0.3344101260120074,
                -1.4054540375701523,
                -2.2236873070652616
            ],
            [
                1.2900338332078185,
                -1.5964262647545528,
                -0.05126354110571311
            ]
        ],
        [
            [
                -0.4143126791168867,
                -1.1643439942561984,
                0.18026520844672228
            ],
            [
                -0.3011849560982703,
                -0.8830435882510747,
                -0.5351904860336427
            ],
            [
                0.6882057432513402,
                1.0292306676212686,
                -0.6327066815205898
            ],
            [
                -0.5001426446391103,
                -0.38448694994370924,
                -0.6077371292109541
            ],
            [
                0.5658861012014512,
                0.023759317758921303,
                -1.3149208277734974
            ],
            [
                -1.57732394574813,
                1.2729630824609035,
                0.23067917336839797
            ],
            [
                1.316438769132651,
                0.7164461310611431,
                2.1883344760365135
            ],
            [
                -0.8819069300017196,
                0.37202498050221033,
                0.2695333021782922
            ],
            [
                0.43947445254319334,
                0.4872064788644773,
                -1.2116575559384395
            ]
        ],
        [
            [
                -1.7403363395782756,
                0.9335909207258407,
                1.0176946309076484
            ],
            [
                -0.4487031285968294,
                -0.11087757639588798,
                -0.9617566106747869
            ],
            [
                -1.933069829479769,
                -0.12029948127746994,
                -0.061955157293475824
            ],
            [
                0.8136646288009947,
                -0.6738309442544138,
                1.0189174072857008
            ],
            [
                2.868370651601005,
                0.2069213583757284,
                1.1271712429343468
            ],
            [
                -0.0630225279856625,
                0.14142560163846682,
                -0.2004153133453558
            ],
            [
                -0.6597012144762205,
                0.19378564998636424,
                0.42600309532788966
            ],
            [
                -1.200946865753105,
                0.9653668002928246,
                -1.0723296777148055
            ],
            [
                1.6283236415700335,
                -1.4541111969794744,
                1.560374769433366
            ]
        ],
        [
            [
                -0.9127163247850902,
                -1.762238391839959,
                0.359824775628924
            ],
            [
                0.26181556919496063,
                -0.7992228400306481,
                1.123627568593094
            ],
            [
                0.7770528664035495,
                -0.8429848655498944,
                -0.5929069934032837
            ],
            [
                -0.16290539857249212,
                1.2340891588945182,
                1.4862054013907828
            ],
            [
                0.2925405752756747,
                0.17417432980808242,
                -1.045442127572412
            ],
            [
                1.1089144785459795,
                -1.2615508747444302,
                2.0017591985239194
            ],
            [
                -0.9865793791212757,
                -0.882813092968917,
                -0.12838686157081486
            ],
            [
                2.2099464435874285,
                -0.49346981007496127,
                0.4731118533592585
            ],
            [
                -0.25523313447104784,
                -1.2448525946474023,
                0.840161230685742
            ]
        ]
    ],
    "k": [
        8,
        5,
        6,
        5,
        4
    ],