{
    "task": "TwoQubitH2_QMLStateBasicGates",
    "pool": {
        "0": {
            "Rot": [
                0
            ]
        },
        "1": {
            "PlaceHolder": [
                0
            ]
        },
        "2": {
            "Rot": [
                1
            ]
        },
        "3": {
            "PlaceHolder": [
                1
            ]
        },
        "4": {
            "CNOT": [
                0,
                1
            ]
        },
        "5": {
            "CNOT": [
                1,
                0
            ]
        }
    },
    "params": [
        [
            [
                0.32595053817890896,
                -0.6363496926660257,
                -0.9257838671543057
            ],
            [
                0.5562079877410702,
                -0.5532204821477544,
                1.307554204279493
            ],
            [
                -0.5997206350285652,
                0.3393969795799846,
                2.1587054908698313
            ],
            [
                -1.7077597309683277,
                0.1825217586592237,
                2.124349996822276
            ],
            [
                -0.49831142972011105,
                0.3644245273803455,
                0.21769878159950576
            ],
            [
                0.8802768834939682,
                0.9663130490727686,
                -0.39585354880403156
            ]
        ],
        [
            [
                -0.05685605903890301,
                -4.819019544454181e-10,
                1.3649853345586596
            ],
            [
                -2.2915086734373995,
                0.9386404113553362,
                -0.9315971610914386
            ],
            [
                0.4204501230181531,
                0.3810891954497674,
                1.3717429656973186
            ],
            [
                1.8666145281427187,
                0.15919107852137535,
                -0.36872117962991585
            ],
            [
                -1.9984109171855209,
                -0.3006201717104415,
                1.894322767774488
            ],
            [
                -0.5643441426598387,
                0.6384837464192804,
                0.2268711519377949
            ]
        ],
        [
            [
                1.5349111006828464,
                0.6195338149393099,
                0.5886507891937931
            ],
            [
                0.21753835150431758,
                0.9575384411308571,
                -0.30137347935667297
            ],
            [
                0.36284777770356735,
                -0.023239622381960034,
                0.9731454214302002
            ],
            [
                0.776859963424036,
                1.2566278410150564,
                -0.278029101331836
            ],
            [
                0.6461959967661239,
                -0.10222683214672722,
                0.025290234088259124
            ],
            [
                -1.1940258075050372,
                1.4228933073092855,
                0.5770739103690508
            ]
        ]
    ],
    "k": [
        4,
        0,
        5
    ],
    "op_list": [
        [
            "CNOT",
            [
                0,
                1
            ],
            null
        ],
        [
            "Rot",
            [
                0
            ],
            [
                -0.05685605903890301,
                -4.819019544454181e-10,
                1.3649853345586596
            ]
        ],
        [
            "CNOT",
            [
                1,
                0
            ],
            null
        ]
    ],
    "search_reward_list": [
        [
            0,
            [
                0,
                4,
                5
            ],
            1.11440069702816,
            1.11440069702816
        ],
        [
            1,
            [
                2,
                5,
                4
            ],
            0.9907861722936209,
            0.9907861722936209
        ],
        [
            2,
            [
                0,
                5,
                0
            ],
            1.114749791477374,
            1.114749791477374
        ],
        [
            3,
            [
                4,
                0,
                5
            ],
            1.1054612254908929,
            1.1054612254908929
        ]
    ],