{
    "task": "TwoQubitH2_QMLStateBasicGates",
    "pool": {
        "0": {
            "Rot": [
                0
            ]
        },
        "1": {
            "PlaceHolder": [
                0
            ]
        },
        "2": {
            "Rot": [
                1
            ]
        },
        "3": {
            "PlaceHolder": [
                1
            ]
        },
        "4": {
            "CNOT": [
                0,
                1
            ]
        },
        "5": {
            "CNOT": [
                1,
                0
            ]
        }
    },
    "params": [
        [
            [
                1.3545906831724068,
                -0.2296652331304273,
                -6.125932828842429e-10
            ],
            [
                -0.3257535287908989,
                -0.338501026282373,
                -0.7566974340617983
            ],
            [
                0.2878362175574104,
                0.2595034000642472,
                0.053361285550612744
            ],
            [
                -0.08370032851118436,
                -1.1005787362463237,
                0.4374820246785803
            ],
            [
                0.2519706950385639,
                -0.538337577553448,
                0.6317253296312992
            ],
            [
                0.9711414660280253,
                0.33918784374914046,
                -1.4014908688967616
            ]
        ],
        [
            [
                -1.7056637976707072,
                -0.09802786400140193,
                -2.0416088837969495
            ],
            [
                -0.29988602106152384,
                1.4589880209654316,
                2.287770626702974
            ],
            [
                0.15682325430719896,
                -3.7135842876152397e-10,
                1.6005103506183835
            ],
            [
                -0.17118262605816612,
                0.6362091112867017,
                0.04655769745972009
            ],
            [
                0.6683677343888801,
                -0.8756311456878016,
                1.2547531874723141
            ],
            [
                -0.2587692508234997,
                0.49635958790018037,
                -0.36728832619425844
            ]
        ],
        [
            [
                -3.5893135081234124,
                -0.23259794311121434,
                -3.1521747448141464
            ],
            [
                -0.3367072197857428,
                -1.6150531248444129,
                -0.39444415193284493
            ],
            [
                0.03135194087633311,
                0.11623236825402171,
                1.1686231603257689
            ],
            [
                0.28858378071491014,
                -1.105230754579581,
                0.304096763169036
            ],
            [
                0.3045598576878479,
                0.5013381484046081,
                0.43144746157792946
            ],
            [
                0.7446201716173606,
                -0.2596318024940502,
                0.8654504409366512
            ]
        ]
    ],
    "k": [
        0,
        2,
        4
    ],
    "op_list": [
        [
            "Rot",
            [
                0
            ],
            [
                1.3545906831724068,
                -0.2296652331304273,
                -6.125932828842429e-10
            ]
        ],
        [
            "Rot",
            [
                1
            ],
            [
                0.15682325430719896,
                -3.7135842876152397e-10,
                1.6005103506183835
            ]
        ],
        [
            "CNOT",
            [
                0,
                1
            ],
            null
        ]
    ],
    "search_reward_list": [
        [
            0,
            [
                2,
                0,
                4
            ],
            1.011709286071743,
            1.011709286071743
        ],
        [
            1,
            [
                2,
                5,
                4
            ],
            1.090573576803772,
            1.090573576803772
        ],
        [
            2,
            [
                2,
                5,
                4
            ],
            1.1158844494020057,
            1.1158844494020057
        ],
        [
            3,
            [
                0,
                4,
                0
            ],
            1.1254881399965244,
            1.1254881399965244
        ],
        [
            4,
            [
                0,
                4,
                0
            ],
            1.0950026094082812,
            1.0950026094082812
        ],
        [
            5,
            [
                0,
                4,
                5
            ],
            1.1149233198400341,
            1.1149233198400341
        ],
        [
            6,
            [
                0,
                4,
                5
            ],
            1.1111431311751039,
            1.1111431311751039
        ],
        [
            7,
            [
                0,
                4,
                5
            ],
            1.1109746344896223,
            1.1109746344896223
        ],
        [
            8,
            [
                0,
                4,
                5
            ],
            1.114072313912801,
            1.114072313912801
        ],
        [
            9,
            [
                0,
                4,
                5
            ],
            1.1161498276099877,
            1.1161498276099877
        ],
        [
            10,
            [
                0,
                4,
                5
            ],
            1.1128705692998417,
            1.1128705692998417
        ],
        [
            11,
            [
                0,
                4,
                5
            ],
            1.1047742452324318,
            1.1047742452324318
        ],
        [
            12,
            [
                0,
                4,
                5
            ],
            1.097349187014734,
            1.097349187014734
        ],
        [
            13,
            [
                0,
                4,
                2
            ],
            1.1251176499048003,
            1.1251176499048003
        ],
        [
            14,
            [
                0,
                4,
                2
            ],
            1.111190664813614,
            1.111190664813614
        ],
        [
            15,
            [
                0,
                4,
                2
            ],
            1.097665810677636,
            1.097665810677636
        ],
        [
            16,
            [
                0,
                4,
                5
            ],
            1.109140794919946,
            1.109140794919946
        ],
        [
            17,
            [
                0,
                4,
                5
            ],
            1.113832805055892,
            1.113832805055892
        ],
        [
            18,
            [
                0,
                4,
                5
            ],
            1.1158300306812567,
            1.1158300306812567
        ],
        [
            19,
            [
                0,
                4,
                5
            ],
            1.1161416920430856,
            1.1161416920430856
        ],
        [
            20,
            [
                0,
                2,
                5
            ],
            1.127383516384892,
            1.127383516384892
        ],
        [
            21,
            [
                0,
                4,
                5
            ],
            1.1161395869900743,
            1.1161395869900743
        ],
        [
            22,
            [
                0,
                4,
                5
