{
    "task": "PhaseFlipQMLNoiseless_QMLStateBasicGates",
    "pool": {
        "0": {
            "SX": [
                0
            ]
        },
        "1": {
            "RZ": [
                0
            ]
        },
        "2": {
            "PlaceHolder": [
                0
            ]
        },
        "3": {
            "SX": [
                1
            ]
        },
        "4": {
            "RZ": [
                1
            ]
        },
        "5": {
            "PlaceHolder": [
                1
            ]
        },
        "6": {
            "SX": [
                2
            ]
        },
        "7": {
            "RZ": [
                2
            ]
        },
        "8": {
            "PlaceHolder": [
                2
            ]
        },
        "9": {
            "CNOT": [
                0,
                1
            ]
        },
        "10": {
            "CNOT": [
                1,
                2
            ]
        },
        "11": {
            "CNOT": [
                1,
                0
            ]
        },
        "12": {
            "CNOT": [
                2,
                1
            ]
        }
    },
    "params": [
        [
            [
                2.164934937442029,
                -0.9906517509163337,
                0.45125434476048076
            ],
            [
                0.7743994271615602,
                -1.17361519269292,
                -0.6020376522789523
            ],
            [
                0.254736080372758,
                0.17886151445775414,
                1.5815496955784885
            ],
            [
                0.06213479346854313,
                -1.4704068242310135,
                -0.07727840944281326
            ],
            [
                1.555134852329716,
                -1.971609284403549,
                0.3036987215075734
            ],
            [
                -2.4472775270326013,
                1.189309207451101,
                0.39974094110645036
            ],
            [
                -0.6906420475266843,
                -0.9215452309989707,
                -2.0373609568074653
            ],
            [
                -0.9199170119900248,
                -0.26344517092326997,
                -0.456785966518136
            ],
            [
                0.598938954355075,
                -0.544879765066752,
                -0.059085474678281596
            ],
            [
                0.7811638733502891,
                0.10385269418544585,
                -0.35779659918575385
            ],
            [
                -0.5628110332551319,
                0.8087760002488753,
                -1.3333779154735135
            ],
            [
                0.10450509428472411,
                0.33556691856050286,
                -2.2656037940826117
            ],
            [
                1.1928650176489797,
                0.3517264593311997,
                0.11352903734074035
            ]
        ],
        [
            [
                -0.3870018170220151,
                1.5939822325298958,
                0.18428245460918682
            ],
            [
                1.555053922529063,
                -2.3306923404653497,
                0.3737736139875006
            ],
            [
                -1.4767298960422641,
                0.6388493298848407,
                -1.0224132126915553
            ],
            [
                -0.3344101260120074,
                -1.4054540375701523,
                -2.2236873070652616
            ],
            [
                1.1452146485486403,
                -1.5459061177081446,
                0.35859516674711794
            ],
            [
                -0.4143126791168867,
                -1.1643439942561984,
                0.18026520844672228
            ],
            [
                -0.3011849560982703,
                -0.8830435882510747,
                -0.5351904860336427
            ],
            [
                1.07347833003747,
                1.0292306676212686,
                -0.6327066815205898
            ],
            [
                -0.5001426446391103,
                -0.38448694994370924,
                -0.6077371292109541
            ],
            [
                0.4179905852543971,
                -0.46382972120625604,
                -0.41166734524864057
            ],
            [
                -1.57732394574813,
                1.2729630824609035,
                0.23067917336839797
            ],
            [
                0.4049582898149848,
                -0.40037774083848504,
                1.3253803128941317
            ],
            [
                -0.8819069300017196,
                0.37202498050221033,
                0.2695333021782922
            ]
        ],
        [
            [
                0.40560120634891494,
                -0.06618284457111148,
                -1.6555052953460192
            ],
            [
                -1.331856480583066,
                0.9335909207258407,
                1.0176946309076484
            ],
            [
                -0.4487031285968294,
                -0.11087757639588798,
                -0.9617566106747869
            ],
            [
                -1.933069829479769,
                -0.12029948127746994,
                -0.061955157293475824
            ],
            [
                1.2248245868624827,
                -0.6738309442544138,
                1.0189174072857008
            ],
            [
                0.9128981054749137,
                -0.6916456138998842,
                1.1271712434411543
            ],
            [
                -0.0630225279856625,
                0.14142560163846682,
                -0.2004153133453558
            ],
            [
                -0.8509654478804498,
                1.352803353481085,
                1.0036105818558236
            ],
            [
                -1.200946865753105,
                0.9653668002928246,
                -1.0723296777148055
            ],
            [
                0.4615541435735428,
                -0.3791705835123542,
                0.9999607265960256
            ],
            [
                -0.9127163247850902,
                -1.762238391839959,
                0.359824775628924
            ],
            [
                0.26181556919496063,
                -0.7992228400306481,
                1.123627568593094
            ],
            [
                0.7770528664035495,
                -0.8429848655498944,
                -0.5929069934032837
            ]
        ],
        [
            [
                -0.16290539857249212,
                1.2340891588945182,
                1.4862054013907828
            ],
            [
                0.7831955651596406,
                0.016116946500166034,
                -1.0454421276911117
            ],
            [
                1.1089144785459795,
                -1.2615508747444302,
                2.0017591985239194
            ],
            [
                -0.2603771991200038,
                -0.026698072869700638,
                -0.12838686148732947
            ],
            [
                2.8694803398796167,
                -0.49346981007496127,
                0.4731118533592585
            ],
            [
                0.1305403358911313,
                -0.46290080387844496,
                0.8401612306316193
            ],
            [
                -0.7890163743937649,
                0.12845562571720767,
                -0.34664215633740736
            ],
            [
                1.858841624896201,
                1.0128963022050332,
                1.3347360485887405
            ],
            [
                -0.64848561835161,
                0.990167246877547,
                1.5661141293568717
            ],
            [
                0.7102779853314426,
                2.2014174560102107,
