{
    "task": "TwoQubitH2_QMLStateBasicGates",
    "pool": {
        "0": {
            "Rot": [
                0
            ]
        },
        "1": {
            "PlaceHolder": [
                0
            ]
        },
        "2": {
            "Rot": [
                1
            ]
        },
        "3": {
            "PlaceHolder": [
                1
            ]
        },
        "4": {
            "CNOT": [
                0,
                1
            ]
        },
        "5": {
            "CNOT": [
                1,
                0
            ]
        }
    },
    "params": [
        [
            [
                -0.890382086587658,
                0.2655005734231596,
                0.7762950523213089
            ],
            [
                -0.23681909075245713,
                -0.8795520486033194,
                0.3776381395982283
            ],
            [
                1.442396161592305,
                -2.101222420666759e-10,
                3.293395817660625
            ],
            [
                -0.5703649909739458,
                -0.33838545696310673,
                -0.16681331379805187
            ],
            [
                0.6811485260847396,
                -0.6747514356901002,
                0.32543691531414515
            ],
            [
                1.0510750987206574,
                0.7224674575181635,
                0.9464736405095027
            ]
        ],
        [
            [
                -1.1343274145955302,
                -0.7275550644156232,
                4.359855948745453
            ],
            [
                -0.45559939726157656,
                -0.275265867563882,
                -1.3106362457795266
            ],
            [
                -0.5532260394089162,
                -0.7469097590131171,
                3.1883597949255478
            ],
            [
                0.45660996664408116,
                0.5045983841406125,
                -0.4550921671274207
            ],
            [
                -0.27818883514069614,
                0.13375728307334403,
                -0.7853259675428221
            ],
            [
                -1.0554660078676439,
                -0.23797255537113957,
                -0.7498307961752807
            ]
        ],
        [
            [
                -1.915857752666519,
                0.6401370533580027,
                -0.6373177615718666
            ],
            [
                1.4580837290336635,
                -2.3114581633114586,
                -1.3014532387019173
            ],
            [
                1.349062570730451,
                -0.3026453012199226,
                -0.14848125430857328
            ],
            [
                1.3175533201922234,
                -0.7548257653470363,
                1.0829933238070553
            ],
            [
                1.1991741489134982,
                0.2411503020053164,
                -0.038688621287759274
            ],
            [
                0.18157284719081593,
                1.5461209003538354,
                0.0009427060591015703
            ]
        ]
    ],
    "k": [
        2,
        5,
        4
    ],
    "op_list": [
        [
            "Rot",
            [
                1
            ],
            [
                1.442396161592305,
                -2.101222420666759e-10,
                3.293395817660625
            ]
        ],
        [
            "CNOT",
            [
                1,
                0
            ],
            null
        ],
        [
            "CNOT",
            [
                0,
                1
            ],
            null
        ]
    ],
    "search_reward_list": [
        [
            0,
            [
                0,
                4,
                2
            ],
            1.102091691635643,
            1.102091691635643
        ],
        [
            1,
            [
                0,
                4,
                5
            ],
            1.0410648239284401,
            1.0410648239284401
        ],
        [
            2,
            [
                4,
                2,
                4
            ],
            1.0619895350076536,
            1.0619895350076536
        ],
        [
            3,
            [
                5,
                2,
                5
            ],
            1.11182132251949,
            1.11182132251949
        ],
        [
            4,
            [
                5,
                2,
                5
            ],
            1.1189517804038094,
            1.1189517804038094
        ],
        [
            5,
            [
                5,
                0,
                4
            ],
            1.1319746274352354,
            1.1319746274352354
        ],
        [
            6,
            [
                5,
                0,
                5
            ],
            1.1149072049593491,
            1.1149072049593491
        ],
        [
            7,
            [
                0,
                5,
                4
            ],
            1.131900600234474,
            1.131900600234474
        ],
        [
            8,
            [
                0,
                4,
                5
            ],
            1.115465138524892,
            1.115465138524892
        ],
        [
            9,
            [
                0,
                4,
                5
            ],
            1.1087739288932956,
            1.1087739288932956
        ],
        [
            10,
            [
                2,
                5,
                4
            ],
            1.1154816510961045,
            1.1154816510961045
        ]
    ],