{
    "task": "TwoQubitH2_QMLStateBasicGates",
    "pool": {
        "0": {
            "Rot": [
                0
            ]
        },
        "1": {
            "PlaceHolder": [
                0
            ]
        },
        "2": {
            "Rot": [
                1
            ]
        },
        "3": {
            "PlaceHolder": [
                1
            ]
        },
        "4": {
            "CNOT": [
                0,
                1
            ]
        },
        "5": {
            "CNOT": [
                1,
                0
            ]
        }
    },
    "params": [
        [
            [
                -0.6169325551962207,
                -0.2233219991241856,
                4.7482198469603745
            ],
            [
                0.2751603769535898,
                0.3369779748020112,
                1.2213083113185959
            ],
            [
                1.3246544961326077,
                -0.22966523329250313,
                -1.0988232475593349e-10
            ],
            [
                0.17553830210195331,
                0.09711081624621788,
                -0.756946826811649
            ],
            [
                -1.3165476844386819,
                0.24249632022853168,
                -0.03905186202106685
            ],
            [
                -1.0019234329239741,
                0.4980141632954222,
                -0.04910012716943083
            ]
        ],
        [
            [
                1.3014637259699935,
                2.652749225120444e-10,
                0.44527700240660484
            ],
            [
                0.09905324213420852,
                0.8908474705708221,
                -0.11847769586471077
            ],
            [
                1.1972638728781653,
                -0.1944757202945759,
                -5.2200826443964425
            ],
            [
                -0.450359319727931,
                1.2600497334100937,
                -0.5826404573049466
            ],
            [
                0.8368639513949221,
                1.1277563840075133,
                -1.0621429699376308
            ],
            [
                -1.3166342402037667,
                0.033288740564809086,
                -0.8034613052473705
            ]
        ],
        [
            [
                -3.8243250179125057,
                -0.06811613529003671,
                -3.980039830002079
            ],
            [
                0.34134106451918134,
                1.5554170876956186,
                -0.666743240259556
            ],
            [
                4.207068706682102,
                0.19454572558920002,
                -0.5456290712025097
            ],
            [
                -0.13058422915125747,
                -1.2689302042743762,
                0.3747804796814446
            ],
            [
                0.7614987698214047,
                1.2889005850329673,
                0.14528106078344097
            ],
            [
                0.647783975394934,
                -0.20974593843599715,
                -1.6300217416301923
            ]
        ]
    ],
    "k": [
        2,
        0,
        5
    ],
    "op_list": [
        [
            "Rot",
            [
                1
            ],
            [
                1.3246544961326077,
                -0.22966523329250313,
                -1.0988232475593349e-10
            ]
        ],
        [
            "Rot",
            [
                0
            ],
            [
                1.3014637259699935,
                2.652749225120444e-10,
                0.44527700240660484
            ]
        ],
        [
            "CNOT",
            [
                1,
                0
            ],
            null
        ]
    ],
    "search_reward_list": [
        [
            0,
            [
                0,
                4,
                5
            ],
            1.1035692958275172,
            1.1035692958275172
        ],
        [
            1,
            [
                2,
                0,
                5
            ],
            1.1194476918461354,
            1.1194476918461354
        ],
        [
            2,
            [
                2,
                5,
                4
            ],
            1.0582174998846665,
            1.0582174998846665
        ],
        [
            3,
            [
                2,
                5,
                4
            ],
            1.0193797568923917,
            1.0193797568923917
        ],
        [
            4,
            [
                2,
                5,
                4
            ],
            0.99075676624723,
            0.99075676624723
        ],
        [
            5,
            [
                0,
                4,
                5
            ],
            1.0666146648902213,
            1.0666146648902213
        ],
        [
            6,
            [
                0,
                4,
                5
            ],
            1.0923118810891332,
            1.0923118810891332
        ],
        [
            7,
            [
                0,
                4,
                5
            ],
            1.1116312047255337,
            1.1116312047255337
        ],
        [
            8,
            [
                0,
                4,
                5
            ],
            1.115855911579073,
            1.115855911579073
        ],
        [
            9,
            [
                0,
                4,
                5
            ],
            1.107696872428393,
            1.107696872428393
        ],
        [
            10,
            [
                0,
                2,
                5
            ],
            1.113453960894006,
            1.113453960894006
        ],
        [
            11,
            [
                0,
                2,
                5
            ],
            1.1058524718995542,
            1.1058524718995542
        ],
        [
            12,
            [
                0,
                2,
                5
            ],
            1.0880115787735143,
            1.0880115787735143
        ],
        [
            13,
            [
                0,
                2,
                5
            ],
            1.073833917926772,
            1.073833917926772
        ],
        [
            14,
            [
                0,
                2,
                5
            ],
            1.0689659972290062,
            1.0689659972290062
        ],
        [
            15,
            [
                0,
                4,
                5
            ],
            1.1138766376585616,
            1.1138766376585616
        ],
        [
            16,
            [
                0,
                4,
                5
            ],
            1.1161227934978861,
            1.1161227934978861
        ],
        [
            17,
            [
                0,
                4,
                5
            ],
            1.1137812431147536,
            1.1137812431147536
        ],
        [
            18,
            [
                0,
                4,
                5
            ],
            1.1099787999938735,
            1.1099787999938735
        ],
        [
            19,
            [
                2,
                0,
                5
            ],
            1.1356571240961852,
            1.1356571240961852
        ]
    ],