{
    "task": "TwoQubitH2_QMLStateBasicGates",
    "pool": {
        "0": {
            "Rot": [
                0
            ]
        },
        "1": {
            "PlaceHolder": [
                0
            ]
        },
        "2": {
            "Rot": [
                1
            ]
        },
        "3": {
            "PlaceHolder": [
                1
            ]
        },
        "4": {
            "CNOT": [
                0,
                1
            ]
        },
        "5": {
            "CNOT": [
                1,
                0
            ]
        }
    },
    "params": [
        [
            [
                0.5231984403296263,
                -0.8992497991833924,
                -0.10707732909682233
            ],
            [
                -0.6848432760737188,
                -0.9519208906882376,
                -0.8651237392205524
            ],
            [
                0.31642955423846864,
                -0.0079540354767723,
                0.747170979502935
            ],
            [
                -1.674447738571046,
                0.6324397459335654,
                0.05080604728040741
            ],
            [
                -1.2076510073156925,
                1.3787317149412628,
                -0.04839346974462852
            ],
            [
                -0.7046275250545861,
                -0.5292261816658624,
                1.3732977574443697
            ]
        ],
        [
            [
                -0.5174316412383764,
                -0.22605843915311885,
                0.7572272171811666
            ],
            [
                0.8601782300149592,
                0.17444385721951694,
                -0.7880018465297408
            ],
            [
                -0.10215245298679047,
                0.8383788205266371,
                -1.355661196480008
            ],
            [
                0.09900957596899818,
                0.2168438907674494,
                -0.8156533521840033
            ],
            [
                -0.8443405384789827,
                -0.658280146436363,
                -1.4299788053841038
            ],
            [
                1.778773734369772,
                -0.3715407845643566,
                0.8512496842301769
            ]
        ],
        [
            [
                2.7875133911012178,
                0.18657673518450602,
                3.3584163223062498
            ],
            [
                -0.7145672029291673,
                -0.22249614750424093,
                -0.35407850671141766
            ],
            [
                -3.8497222760858123,
                0.19779388510649032,
                -3.7590707174921087
            ],
            [
                1.4301229287028752,
                1.8781467145496153,
                -1.5539705547749942
            ],
            [
                -1.1496836485431938,
                0.9375021916743463,
                1.6970672366715218
            ],
            [
                -0.3435447853895706,
                0.6572486998812044,
                0.6426351895752507
            ]
        ]
    ],
    "k": [
        2,
        4,
        1
    ],
    "op_list": [
        [
            "Rot",
            [
                1
            ],
            [
                0.31642955423846864,
                -0.0079540354767723,
                0.747170979502935
            ]
        ],
        [
            "CNOT",
            [
                0,
                1
            ],
            null
        ]
    ],
    "search_reward_list": [
        [
            0,
            [
                3,
                0,
                4
            ],
            1.126043443428555,
            1.126043443428555
        ],
        [
            1,
            [
                0,
                3,
                4
            ],
            1.1176161744221074,
            1.1176161744221074
        ],
        [
            2,
            [
                3,
                2,
                5
            ],
            1.1344122794342235,
            1.1344122794342235
        ],
        [
            3,
            [
                2,
                1,
                5
            ],
            1.1233404313636852,
            1.1233404313636852
        ],
        [
            4,
            [
                3,
                1,
                1
            ],
            1.1161518,
            1.1161518
        ],
        [
            5,
            [
                1,
                3,
                5
            ],
            1.1161518,
            1.1161518
        ],
        [
            6,
            [
                3,
                1,
                1
            ],
            1.1161518,
            1.1161518
        ],
        [
            7,
            [
                2,
                5,
                0
            ],
            1.1326125312365924,
            1.1326125312365924
        ],
        [
            8,
            [
                2,
                5,
                2
            ],
            1.1317164103198714,
            1.1317164103198714
        ],
        [
            9,
            [
                2,
                5,
                1
            ],
            1.1175015511611686,
            1.1175015511611686
        ],
        [
            10,
            [
                2,
                4,
                1
            ],
            1.114553453301167,
            1.114553453301167
        ]
    ],
    "fine_tune_loss": [
        -1.114553453301167
    ]
}