{
    "task": "TwoQubitH2_QMLStateBasicGates",
    "pool": {
        "0": {
            "Rot": [
                0
            ]
        },
        "1": {
            "PlaceHolder": [
                0
            ]
        },
        "2": {
            "Rot": [
                1
            ]
        },
        "3": {
            "PlaceHolder": [
                1
            ]
        },
        "4": {
            "CNOT": [
                0,
                1
            ]
        },
        "5": {
            "CNOT": [
                1,
                0
            ]
        }
    },
    "params": [
        [
            [
                -0.8719145360021978,
                -0.4727520572590904,
                -2.738514766498746
            ],
            [
                -1.9628867531769527,
                0.6615105481957876,
                -2.2029924298723813
            ],
            [
                -1.399879002817606,
                0.5574053017031506,
                -0.09264193201255577
            ],
            [
                -0.3939726667865547,
                2.8546149590165557,
                -1.0390884671629468
            ],
            [
                -1.6737282349015037,
                -0.42206948829403396,
                2.0227417577214624
            ],
            [
                -0.2560049366698919,
                1.4584105403445204,
                0.6048858747116709
            ]
        ],
        [
            [
                0.969749662139945,
                4.299736746510722e-10,
                2.643369277187291
            ],
            [
                -0.01637162673698989,
                -0.9799110733379535,
                -0.3580533534033378
            ],
            [
                2.032079138514296,
                -0.532961347932918,
                2.352047628936684
            ],
            [
                -0.8576985685748001,
                0.5329216442926499,
                0.09227737499851624
            ],
            [
                1.2445585658619787,
                -0.06427388955728632,
                1.528402008217952
            ],
            [
                0.23923331475670975,
                1.0737391085040495,
                1.4575548147784296
            ]
        ],
        [
            [
                0.42386139482528573,
                0.5701595452601982,
                -0.05409024235989643
            ],
            [
                0.4801795347223293,
                1.6118477378608698,
                -1.1628289998947126
            ],
            [
                0.5191828124304707,
                -0.058735608629442104,
                2.665996816415869
            ],
            [
                0.40269722486080034,
                0.20337152352723123,
                -1.4160971422702955
            ],
            [
                -0.45077425282279676,
                1.3483639653521013,
                -1.45898780591824
            ],
            [
                0.9674919176619933,
                0.05447925793559762,
                0.7135193472761163
            ]
        ]
    ],
    "k": [
        5,
        0,
        5
    ],
    "op_list": [
        [
            "CNOT",
            [
                1,
                0
            ],
            null
        ],
        [
            "Rot",
            [
                0
            ],
            [
                0.969749662139945,
                4.299736746510722e-10,
                2.643369277187291
            ]
        ],
        [
            "CNOT",
            [
                1,
                0
            ],
            null
        ]
    ],
    "search_reward_list": [
        [
            0,
            [
                2,
                4,
                5
            ],
            1.1201304335636384,
            1.1201304335636384
        ],
        [
            1,
            [
                0,
                5,
                4
            ],
            1.1163142922350888,
            1.1163142922350888
        ],
        [
            2,
            [
                4,
                0,
                5
            ],
            1.1138519901850006,
            1.1138519901850006
        ],
        [
            3,
            [
                5,
                0,
                5
            ],
            1.0959385017471528,
            1.0959385017471528
        ]
    ],