{
    "one_layer": [
        [
            51,
            76,
            51,
            76,
            51,
            76,
            76,
            76,
            76,
            76,
            51,
            51,
            76,
            51,
            76,
            76,
            51,
            51,
            51,
            51,
            76,
            51,
            76,
            51,
            51,
            51,
            76,
            51,
            51,
            51,
            51,
            51,
            76,
            51,
            51,
            51,
            76,
            51,
            76,
            51,
            76,
            51,
            76,
            76,
            76,
            51,
            51,
            51,
            51,
            51,
            51,
            51,
            51,
            76,
            76,
            51,
            76,
            51,
            76,
            76,
            51,
            76,
            51,
            76,
            51,
            51,
            76,
            51,
            76,
            51,
            76,
            51,
            76,
            76,
            51,
            76,
            76,
            76,
            51,
            76,
            51,
            76,
            76,
            51,
            76,
            51,
            76,
            76,
            76,
            76,
            76,
            76,
            76,
            76,
            51,
            76,
            51,
            51,
            76,
            51
        ],
        [
            4.410731020960581,
            5.239619461822943,
            6.32041108045884,
            6.797022231326577,
            6.9175628127537445,
            6.9538748985418355,
            6.981981440904495,
            6.994146325651955,
            6.998041116009781,
            6.999240025495061,
            6.999638327703968,
            6.999793346724645,
            6.99986736857333,
            6.9999097366012135,
            6.999936951804528,
            6.999955484901802,
            6.99996843765783,
            6.9999775878665105,
            6.999984078635909,
            6.999988689447643
        ]
    ],
    "two_layer": [
        [
            77,
            50,
            77,
            50,
            50,
            50,
            77,
            50,
            50,
            50,
            50,
            50,
            77,
            50,
            50,
            50,
            77,
            50,
            77,
            50,
            77,
            50,
            77,
            77,
            77,
            50,
            50,
            50,
            50,
            50,
            50,
            50,
            50,
            77,
            77,
            50,
            77,
            50,
            77,
            77,
            50,
            77,
            50,
            77,
            50,
            50,
            77,
            50,
            77,
            50,
            77,
            50,
            77,
            77,
            50,
            77,
            77,
            77,
            50,
            77,
            50,
            77,
            77,
            50,
            77,
            50,
            77,
            77,
            77,
            77,
            77,
            77,
            77,
            77,
            50,
            77,
            50,
            50,
            77,
            50,
            77,
            50,
            50,
            50,
            77,
            77,
            77,
            77,
            77,
            50,
            77,
            50,
            50,
            77,
            77,
            77,
            50,
            77,
            77,
            77
        ],
        [
            4.4549195156692525,
            4.248690515507379,
            5.350724667390474,
            5.91080827234974,
            5.559032089570679,
            6.227919156230619,
            6.444437704205897,
            6.726617866499614,
            6.829563516942592,
            6.867277603306807,
            6.924911951904129,
            6.964092843796476,
            6.976654344095758,
            6.9864413011749305,
            6.987721884262822,
            6.984049693837246,
            6.979610887400051,
            6.98286443829447,
            6.990107176526682,
            6.995223372893276
        ]
    ]
}