{
    "one_layer": [
        [
            28,
            28,
            3,
            28,
            3,
            28,
            3,
            28,
            28,
            3,
            3,
            28,
            3,
            28,
            3,
            28,
            28,
            28,
            28,
            28,
            3,
            3,
            28,
            3,
            28,
            28,
            3,
            3,
            3,
            3,
            28,
            3,
            28,
            3,
            3,
            3,
            28,
            3,
            3,
            3,
            3,
            3,
            28,
            3,
            3,
            3,
            28,
            3,
            28,
            3,
            28,
            3,
            28,
            28,
            28,
            3,
            3,
            3,
            3,
            3,
            3,
            3,
            3,
            28,
            28,
            3,
            28,
            3,
            28,
            28,
            3,
            28,
            3,
            28,
            3,
            3,
            28,
            3,
            28,
            3,
            28,
            3,
            28,
            28,
            3,
            28,
            28,
            28,
            3,
            28,
            3,
            28,
            28,
            3,
            28,
            3,
            28,
            28,
            28,
            28
        ],
        [
            13.10738333830766,
            15.11663920667661,
            16.787263052765216,
            17.65588866481939,
            17.856008762747344,
            17.91747786792186,
            17.946066609909458,
            17.96333166791709,
            17.974804006499525,
            17.98264162681264,
            17.98803509113288,
            17.99175267275478,
            17.994315593780545,
            17.996082270510186,
            17.997299907791763,
            17.998139053151423,
            17.99871733087707,
            17.999115836177573,
            17.99939046429777,
            17.999579734148327
        ]
    ],
    "two_layer": [
        [
            28,
            28,
            3,
            3,
            28,
            3,
            28,
            28,
            3,
            3,
            3,
            3,
            28,
            3,
            28,
            3,
            3,
            3,
            28,
            3,
            3,
            3,
            3,
            3,
            28,
            3,
            3,
            3,
            28,
            3,
            28,
            3,
            28,
            3,
            28,
            28,
            28,
            3,
            3,
            3,
            3,
            3,
            3,
            3,
            3,
            28,
            28,
            3,
            28,
            3,
            28,
            28,
            3,
            28,
            3,
            28,
            3,
            3,
            28,
            3,
            28,
            3,
            28,
            3,
            28,
            28,
            3,
            28,
            28,
            28,
            3,
            28,
            3,
            28,
            28,
            3,
            28,
            3,
            28,
            28,
            28,
            28,
            28,
            28,
            28,
            28,
            3,
            28,
            3,
            3,
            28,
            3,
            28,
            3,
            3,
            3,
            28,
            28,
            28,
            28
        ],
        [
            11.719915832768258,
            12.32625757993279,
            13.262162545590037,
            14.227701068251626,
            16.36572562065409,
            17.175992309360804,
            17.521099158300267,
            17.78196650336132,
            17.878196303301134,
            17.9261277092568,
            17.95469509056491,
            17.972102727378015,
            17.981618865036822,
            17.985662216253516,
            17.986196430234866,
            17.9850154268298,
            17.983935378587166,
            17.984344257469814,
            17.98648628824461,
            17.989567201329372
        ]
    ]
}