{
    "NUM_QUBITS": 3,
    "Pool": "{\"0\": {\"U3Gate\": [0]}, \"1\": {\"U3Gate\": [1]}, \"2\": {\"U3Gate\": [2]}, \"3\": {\"CU3Gate\": [0, 1]}, \"4\": {\"CU3Gate\": [0, 2]}, \"5\": {\"CU3Gate\": [1, 0]}, \"6\": {\"CU3Gate\": [1, 2]}, \"7\": {\"CU3Gate\": [2, 0]}, \"8\": {\"CU3Gate\": [2, 1]}}",
    "Search_Param": {
        "p": 2,
        "c": 9,
        "l": 3
    },
    "k": [
        3,
        6
    ],
    "op_list": [
        "(CU3Gate, [0, 1], [3.1425881, 1.006187, -1.078703])",
        "(CU3Gate, [1, 2], [3.1427093, -1.0110776, 1.5518183])"
    ],
    "loss_list": [
        0.7201869660558022,
        0.6904031502353886,
        0.6782264447276809,
        0.6650035406283548,
        0.6292895471536364,
        0.4011845557482523,
        0.2437363097920752,
        0.08224179972828634,
        0.17629017605892855,
        0.13383520544510585,
        0.012933167547386049,
        0.04852894630006932,
        0.09265847219331536,
        0.05939229616248632,
        0.036950916294835934,
        0.04895574885229448,
        0.03741921770818002,
        0.016210018691664163,
        0.0277956941108618,
        0.04947583852946491,
        0.034017038009275025,
        0.006380731502217185,
        0.0073678710268001435,
        0.023184033652871472,
        0.01827474024777076,
        0.009948938911701566,
        0.006628433169527881,
        0.009451695862963128,
        0.007830662070406613,
        0.0037393720229795813,
        0.006472489185499364,
        0.010174123201676766,
        0.006145896053974975,
        0.00027101801892748245,
        0.004535480313317408,
        0.008000461232246403,
        0.003345377570546426,
        0.0017897688933036227,
        0.0036274149796265975,
        0.0028847279770909395,
        0.002171843640717208,
        0.0027895163183293548,
        0.0027923123837997332,
        0.0012550976514845713,
        0.0006420056211856595,
        0.002510960000124962,
        0.002290197495947388,
        0.0002673466734838259,
        0.0009242892097161004,
        0.0015823410968281992,
        0.000776720370221029,
        0.0008848443014454199,
        0.0009653450480131553,
        0.00045724205120711847,
        0.0004484914786017091,
        0.000881027109670085,
        0.0007302964243500742,
        8.059738434662567e-05,
        0.00037725168930857755,
        0.0006870871432498316,
        0.00022758425767099855,
        0.0002863866491024103,
        0.0003504339784955457,
        0.0001408359450393304,
        0.0002902726748453821,
        0.0003154402172224069,
        0.0001071993559840223,
        8.684127353553173e-05,
        0.000339624869592825,
        0.00022242429689256493,
        3.700006580054094e-05,
        0.00021083237121977128,
        0.0001370938715705705,
        7.148116245192515e-05,
        9.776326673438529e-05,
        6.485141191914234e-05,
        4.077672479974037e-05,
        7.793821099344456e-05,
        8.334473751792082e-05,
        9.779819827082648e-06,
        4.1345365385803134e-05,
        6.789651678396069e-05,
        1.932343576072082e-05,
        3.771250834960771e-05,
        2.5466135730289885e-05,
        2.126567750171393e-05,
        3.705234996487228e-05,
        1.9988712912422102e-05,
        6.431153900199327e-06,
        2.5844386552953402e-05,
        2.2661439504689795e-05,
        4.224976762334798e-06,
        1.7747972250847788e-05,
        9.370767510175071e-06,
        1.2226588872565891e-05,
        1.2761639293756843e-05,
        2.821965535915183e-06,
        8.952466784561963e-06,
        1.1501996846741136e-05,
        3.195621496532297e-06
    ],
    "prob_param": [
        [
            -15.720149040222168,
            -15.615246772766113,
            -15.744163513183594,
            15.390262603759766,
            -15.724751472473145,
            -15.207991600036621,
            -8.126777648925781,
            -7.929200649261475,
            -15.746230125427246
        ],
        [
            -14.9465970993042,
            -14.730206489562988,
            -12.422666549682617,
            -15.09293270111084,
            -15.274162292480469,
            -7.6897149085998535,
            12.70063304901123,
            -7.830824851989746,
            -7.54815149307251
        ]
    ],
    "all_circuit_param": [
        [
            [
                -3.641845941543579,
                -5.8892717361450195,
                3.743889331817627
            ],
            [
                5.209531784057617,
                5.841799259185791,
                -0.3206353783607483
            ],
            [
                1.9814990758895874,
                -5.242218971252441,
                -0.4526634216308594
            ],
            [
                3.1425881385803223,
                1.0061869621276855,
                -1.0787030458450317
            ],
            [
                -7.416952610015869,
                -0.29023507237434387,
                0.31192082166671753
            ],
            [
                0.10495684295892715,
                -1.2429873943328857,
                -0.9167957901954651
            ],
            [
                -1.170879602432251,
                -1.9643962383270264,
                0.7924209237098694
            ],
            [
                -0.8142633438110352,
                0.5931375026702881,
                -0.9933398365974426
            ],
            [
                -1.8467602729797363,
                -0.33756953477859497,
                -0.13942059874534607
            ]
        ],
        [
            [
                4.428006172180176,
                0.8357351422309875,
                -5.754073143005371
            ],
            [
                5.161621570587158,
                -7.150088787078857,
                4.735855579376221
            ],
            [
                -3.1788103580474854,
                3.651609182357788,
                6.807469367980957
            ],
            [
                0.359022319316864,
                9.89795970916748,
                1.2152929306030273
            ],
            [
                -7.264283657073975,
                -12.12388801574707,
                -0.45972228050231934
            ],
            [
                0.595982015132904,
                -1.0509368181228638,
                -0.5863453149795532
            ],
            [
                3.142709255218506,
                -1.011077642440796,
                1.5518182516098022
            ],
            [
                0.8150727152824402,
                0.29866424202919006,
                0.048613037914037704
            ],
            [
                9.588403701782227,
                -12.472311019897461,
                -0.33158305287361145
            ]
        ]
    ],