{
    "NUM_QUBITS": 3,
    "Pool": "{\"0\": {\"U3Gate\": [0]}, \"1\": {\"U3Gate\": [1]}, \"2\": {\"U3Gate\": [2]}, \"3\": {\"CU3Gate\": [0, 1]}, \"4\": {\"CU3Gate\": [0, 2]}, \"5\": {\"CU3Gate\": [1, 0]}, \"6\": {\"CU3Gate\": [1, 2]}, \"7\": {\"CU3Gate\": [2, 0]}, \"8\": {\"CU3Gate\": [2, 1]}}",
    "Search_Param": {
        "p": 2,
        "c": 9,
        "l": 3
    },
    "k": [
        3,
        6
    ],
    "op_list": [
        "(CU3Gate, [0, 1], [-3.1403499   2.0649748  -0.61834115])",
        "(CU3Gate, [1, 2], [3.1405933  1.0753182  0.02865867])"
    ],
    "loss_list": [
        0.7321042233710007,
        0.6864218684889126,
        0.6691777481835232,
        0.6064291499619017,
        0.3802853975670871,
        0.12706594862051787,
        0.18839710976071714,
        0.9935714285714285,
        0.11187183344470254,
        0.057679987699628336,
        0.03597352281017954,
        0.05890091732989355,
        0.05213456746124823,
        0.0057228252982267636,
        0.01601081012330774,
        0.0460436779672605,
        0.02899379375379518,
        0.009417446429179077,
        0.01838284160965087,
        0.01796108266347396,
        0.010147683263157625,
        0.01792288851188839,
        0.01949464852134264,
        0.004609461349584065,
        0.0028789780646168994,
        0.014591211770511483,
        0.01280743120701777,
        0.004148602465116946,
        0.0051694258944310345,
        0.006717240154813342,
        0.0044579563058617655,
        0.0062280564070665845,
        0.00666913919001455,
        0.0018849922000523378,
        0.0016929600680348766,
        0.005340435293464396,
        0.004090853734935118,
        0.0017340040853260907,
        0.002273705573663576,
        0.002006630927754993,
        0.001931891359643445,
        0.002932679331814403,
        0.0015699243801988727,
        0.00031811013461513493,
        0.0017519678740437472,
        0.0019132611404071298,
        0.0007907179188453295,
        0.0009471063617486619,
        0.0008084957850404972,
        0.0006096707254567013,
        0.0012469074805988578,
        0.0007195401638651067,
        3.863770423251367e-05,
        0.0007486625516681666,
        0.0007732718720001586,
        0.0002547337269137584,
        0.0004740041625029834,
        0.0003398285175527649,
        0.00026144911048775477,
        0.0005749910330595798,
        0.00019887443227584178,
        5.8720442100090864e-05,
        0.0004154078911390302,
        0.0002318310822327918,
        0.00012057060966907951,
        0.0002063427238282456,
        9.80643482951793e-05,
        0.00019886406841962412,
        0.00017576838551325302,
        1.3413379371995937e-05,
        0.00013427450606084967,
        0.00013813062540157794,
        5.843698583718471e-05,
        8.215830618441e-05,
        4.7382011288066295e-05,
        8.513808615340235e-05,
        7.886111409560748e-05,
        1.1498265878095992e-05,
        5.857038467926845e-05,
        5.454249530045807e-05,
        3.338578839695572e-05,
        3.602719964490575e-05,
        1.5811457251602157e-05,
        4.626375361105328e-05,
        2.815140555945117e-05,
        5.460956239322634e-06,
        1.957145178699271e-05,
        2.364501387597251e-05,
        1.0001063181053205e-05,
        1.1749682823358754e-05,
        8.651490916000704e-06,
        1.672811940012231e-05,
        8.954159745777623e-06,
        1.8850547112148064e-06,
        1.317518197052614e-05,
        6.663805244833121e-06,
        5.465200129117775e-06,
        4.822003691229426e-06,
        4.673203906624401e-06,
        8.279871464234034e-06
    ],
    "prob_param": [
        [
            -8.0596342086792,
            -7.92626953125,
            -8.047866821289062,
            12.56567096710205,
            -7.860722541809082,
            -7.986958026885986,
            -1.886766791343689,
            -1.6841862201690674,
            -7.920154571533203
        ],
        [
            -7.721764087677002,
            -7.82241153717041,
            -7.508406162261963,
            -7.849888801574707,
            -7.911565780639648,
            -1.9771534204483032,
            12.486842155456543,
            -1.9462388753890991,
            -1.7222120761871338
        ]
    ],
    "all_circuit_param": [
        [
            [
                3.1983563899993896,
                6.611820697784424,
                -0.5433100461959839
            ],
            [
                -4.7630720138549805,
                3.2661685943603516,
                0.12249208241701126
            ],
            [
                -1.4340343475341797,
                -10.819087028503418,
                -0.8644124269485474
            ],
            [
                -3.140349864959717,
                2.064974784851074,
                -0.6183411478996277
            ],
            [
                -6.7382073402404785,
                5.686811923980713,
                -1.0224685668945312
            ],
            [
                0.6892067790031433,
                -0.5585382580757141,
                -0.08999175578355789
            ],
            [
                -0.08375117927789688,
                1.1207375526428223,
                0.2745532691478729
            ],
            [
                -0.8925675749778748,
                -1.3914309740066528,
                0.7401836514472961
            ],
            [
                -1.0200225114822388,
                -0.21558502316474915,
                1.0927842855453491
            ]
        ],
        [
            [
                -4.905202865600586,
                -0.16207057237625122,
                7.14339542388916
            ],
            [
                4.7097930908203125,
                6.458301544189453,
                5.645315647125244
            ],
            [
                4.115076541900635,
                -5.794196605682373,
                6.163558483123779
            ],
            [
                7.135453701019287,
                5.927617073059082,
                0.5368008613586426
            ],
            [
                6.988655090332031,
                2.2149529457092285,
                0.23842598497867584
            ],
            [
                -0.10700347274541855,
                -0.17347049713134766,
                -0.44078534841537476
            ],
            [
                3.1405932903289795,
                1.0753182172775269,
                0.0286586694419384
            ],
            [
                1.6319453716278076,
                -1.499845027923584,
                0.6568610072135925
            ],
            [
                9.651910781860352,
                -5.915065765380859,
                0.014921637251973152
            ]
        ]
    ],