{
    "task": "PHASE_FLIP",
    "pool": {
        "0": {
            "U3Gate": [
                0
            ]
        },
        "1": {
            "U3Gate": [
                1
            ]
        },
        "2": {
            "U3Gate": [
                2
            ]
        },
        "3": {
            "CU3Gate": [
                0,
                1
            ]
        },
        "4": {
            "CU3Gate": [
                0,
                2
            ]
        },
        "5": {
            "CU3Gate": [
                1,
                0
            ]
        },
        "6": {
            "CU3Gate": [
                1,
                2
            ]
        },
        "7": {
            "CU3Gate": [
                2,
                0
            ]
        },
        "8": {
            "CU3Gate": [
                2,
                1
            ]
        }
    },
    "params": [
        [
            [
                -1.5471760034561157,
                0.3672463595867157,
                -0.03565234690904617
            ],
            [
                -0.09274867922067642,
                -0.09601643681526184,
                -1.3646291494369507
            ],
            [
                -0.07307790219783783,
                0.1304415613412857,
                1.3495889902114868
            ],
            [
                -0.3049447238445282,
                -0.5054270029067993,
                -0.596146285533905
            ],
            [
                -0.2605954110622406,
                -1.6320236921310425,
                0.732471227645874
            ],
            [
                -1.522621989250183,
                0.9902443885803223,
                -0.025102833285927773
            ],
            [
                -1.3183170557022095,
                0.7886747121810913,
                1.459302544593811
            ],
            [
                -0.36062583327293396,
                -1.066007375717163,
                1.7809605598449707
            ],
            [
                -0.08501245081424713,
                0.29230356216430664,
                -0.07070185989141464
            ]
        ],
        [
            [
                1.7971793413162231,
                -1.1664668321609497,
                2.411564350128174
            ],
            [
                0.0963340550661087,
                0.5141358971595764,
                -0.3912402093410492
            ],
            [
                -0.015248673968017101,
                0.03232284635305405,
                0.518225371837616
            ],
            [
                -0.9772973656654358,
                1.9772088527679443,
                -0.6194931864738464
            ],
            [
                -3.197840690612793,
                -2.551577091217041,
                -1.1469589471817017
            ],
            [
                -1.6565862894058228,
                -0.4571913480758667,
                -0.38003718852996826
            ],
            [
                0.1765231490135193,
                1.3546682596206665,
                0.7997912168502808
            ],
            [
                0.09047360718250275,
                -0.7380366921424866,
                1.0712883472442627
            ],
            [
                0.14240378141403198,
                -0.060431890189647675,
                0.6950742602348328
            ]
        ],
        [
            [
                -0.6684079766273499,
                -0.12953072786331177,
                0.5453001856803894
            ],
            [
                0.2263946533203125,
                -1.9297221899032593,
                -0.10461385548114777
            ],
            [
                0.060577113181352615,
                -0.5060167908668518,
                -0.4583068788051605
            ],
            [
                -0.002353167161345482,
                1.055784821510315,
                -1.3168038129806519
            ],
            [
                -0.4014904201030731,
                0.30750158429145813,
                -0.10105127841234207
            ],
            [
                -1.0417492389678955,
                -0.046364329755306244,
                -0.6962255835533142
            ],
            [
                0.5617774724960327,
                -0.596050500869751,
                0.5763239860534668
            ],
            [
                -0.02268100529909134,
                -0.055677544325590134,
                -1.2904011011123657
            ],
            [
                -3.0830037593841553,
                -0.9817424416542053,
                0.3390994071960449
            ]
        ]
    ],
    "k": [
        0,
        4,
        8
    ],
    "ops": [
        "(U3Gate, [0], [-1.547176, 0.36724636, -0.035652347])",
        "(CU3Gate, [0, 2], [-3.1978407, -2.551577, -1.146959])",
        "(CU3Gate, [2, 1], [-3.0830038, -0.98174244, 0.3390994])"
    ]
}